Value,Description,DTLS-OK,Recommended,Reference,Hex Vals
"0x00,0x00",TLS_NULL_WITH_NULL_NULL,Y,N,[RFC5246],0x0000
"0x00,0x01",TLS_RSA_WITH_NULL_MD5,Y,N,[RFC5246],0x0001
"0x00,0x02",TLS_RSA_WITH_NULL_SHA,Y,N,[RFC5246],0x0002
"0x00,0x03",TLS_RSA_EXPORT_WITH_RC4_40_MD5,N,N,[RFC4346][RFC6347],0x0003
"0x00,0x04",TLS_RSA_WITH_RC4_128_MD5,N,N,[RFC5246][RFC6347],0x0004
"0x00,0x05",TLS_RSA_WITH_RC4_128_SHA,N,N,[RFC5246][RFC6347],0x0005
"0x00,0x06",TLS_RSA_EXPORT_WITH_RC2_CBC_40_MD5,Y,N,[RFC4346],0x0006
"0x00,0x07",TLS_RSA_WITH_IDEA_CBC_SHA,Y,N,[RFC8996],0x0007
"0x00,0x08",TLS_RSA_EXPORT_WITH_DES40_CBC_SHA,Y,N,[RFC4346],0x0008
"0x00,0x09",TLS_RSA_WITH_DES_CBC_SHA,Y,N,[RFC8996],0x0009
"0x00,0x0A",TLS_RSA_WITH_3DES_EDE_CBC_SHA,Y,N,[RFC5246],0x000A
"0x00,0x0B",TLS_DH_DSS_EXPORT_WITH_DES40_CBC_SHA,Y,N,[RFC4346],0x000B
"0x00,0x0C",TLS_DH_DSS_WITH_DES_CBC_SHA,Y,N,[RFC8996],0x000C
"0x00,0x0D",TLS_DH_DSS_WITH_3DES_EDE_CBC_SHA,Y,N,[RFC5246],0x000D
"0x00,0x0E",TLS_DH_RSA_EXPORT_WITH_DES40_CBC_SHA,Y,N,[RFC4346],0x000E
"0x00,0x0F",TLS_DH_RSA_WITH_DES_CBC_SHA,Y,N,[RFC8996],0x000F
"0x00,0x10",TLS_DH_RSA_WITH_3DES_EDE_CBC_SHA,Y,N,[RFC5246],0x0010
"0x00,0x11",TLS_DHE_DSS_EXPORT_WITH_DES40_CBC_SHA,Y,N,[RFC4346],0x0011
"0x00,0x12",TLS_DHE_DSS_WITH_DES_CBC_SHA,Y,N,[RFC8996],0x0012
"0x00,0x13",TLS_DHE_DSS_WITH_3DES_EDE_CBC_SHA,Y,N,[RFC5246],0x0013
"0x00,0x14",TLS_DHE_RSA_EXPORT_WITH_DES40_CBC_SHA,Y,N,[RFC4346],0x0014
"0x00,0x15",TLS_DHE_RSA_WITH_DES_CBC_SHA,Y,N,[RFC8996],0x0015
"0x00,0x16",TLS_DHE_RSA_WITH_3DES_EDE_CBC_SHA,Y,N,[RFC5246],0x0016
"0x00,0x17",TLS_DH_anon_EXPORT_WITH_RC4_40_MD5,N,N,[RFC4346][RFC6347],0x0017
"0x00,0x18",TLS_DH_anon_WITH_RC4_128_MD5,N,N,[RFC5246][RFC6347],0x0018
"0x00,0x19",TLS_DH_anon_EXPORT_WITH_DES40_CBC_SHA,Y,N,[RFC4346],0x0019
"0x00,0x1A",TLS_DH_anon_WITH_DES_CBC_SHA,Y,N,[RFC8996],0x001A
"0x00,0x1B",TLS_DH_anon_WITH_3DES_EDE_CBC_SHA,Y,N,[RFC5246],0x001B
"0x00,0x1E",TLS_KRB5_WITH_DES_CBC_SHA,Y,N,[RFC2712],0x001E
"0x00,0x1F",TLS_KRB5_WITH_3DES_EDE_CBC_SHA,Y,N,[RFC2712],0x001F
"0x00,0x20",TLS_KRB5_WITH_RC4_128_SHA,N,N,[RFC2712][RFC6347],0x0020
"0x00,0x21",TLS_KRB5_WITH_IDEA_CBC_SHA,Y,N,[RFC2712],0x0021
"0x00,0x22",TLS_KRB5_WITH_DES_CBC_MD5,Y,N,[RFC2712],0x0022
"0x00,0x23",TLS_KRB5_WITH_3DES_EDE_CBC_MD5,Y,N,[RFC2712],0x0023
"0x00,0x24",TLS_KRB5_WITH_RC4_128_MD5,N,N,[RFC2712][RFC6347],0x0024
"0x00,0x25",TLS_KRB5_WITH_IDEA_CBC_MD5,Y,N,[RFC2712],0x0025
"0x00,0x26",TLS_KRB5_EXPORT_WITH_DES_CBC_40_SHA,Y,N,[RFC2712],0x0026
"0x00,0x27",TLS_KRB5_EXPORT_WITH_RC2_CBC_40_SHA,Y,N,[RFC2712],0x0027
"0x00,0x28",TLS_KRB5_EXPORT_WITH_RC4_40_SHA,N,N,[RFC2712][RFC6347],0x0028
"0x00,0x29",TLS_KRB5_EXPORT_WITH_DES_CBC_40_MD5,Y,N,[RFC2712],0x0029
"0x00,0x2A",TLS_KRB5_EXPORT_WITH_RC2_CBC_40_MD5,Y,N,[RFC2712],0x002A
"0x00,0x2B",TLS_KRB5_EXPORT_WITH_RC4_40_MD5,N,N,[RFC2712][RFC6347],0x002B
"0x00,0x2C",TLS_PSK_WITH_NULL_SHA,Y,N,[RFC4785],0x002C
"0x00,0x2D",TLS_DHE_PSK_WITH_NULL_SHA,Y,N,[RFC4785],0x002D
"0x00,0x2E",TLS_RSA_PSK_WITH_NULL_SHA,Y,N,[RFC4785],0x002E
"0x00,0x2F",TLS_RSA_WITH_AES_128_CBC_SHA,Y,N,[RFC5246],0x002F
"0x00,0x30",TLS_DH_DSS_WITH_AES_128_CBC_SHA,Y,N,[RFC5246],0x0030
"0x00,0x31",TLS_DH_RSA_WITH_AES_128_CBC_SHA,Y,N,[RFC5246],0x0031
"0x00,0x32",TLS_DHE_DSS_WITH_AES_128_CBC_SHA,Y,N,[RFC5246],0x0032
"0x00,0x33",TLS_DHE_RSA_WITH_AES_128_CBC_SHA,Y,N,[RFC5246],0x0033
"0x00,0x34",TLS_DH_anon_WITH_AES_128_CBC_SHA,Y,N,[RFC5246],0x0034
"0x00,0x35",TLS_RSA_WITH_AES_256_CBC_SHA,Y,N,[RFC5246],0x0035
"0x00,0x36",TLS_DH_DSS_WITH_AES_256_CBC_SHA,Y,N,[RFC5246],0x0036
"0x00,0x37",TLS_DH_RSA_WITH_AES_256_CBC_SHA,Y,N,[RFC5246],0x0037
"0x00,0x38",TLS_DHE_DSS_WITH_AES_256_CBC_SHA,Y,N,[RFC5246],0x0038
"0x00,0x39",TLS_DHE_RSA_WITH_AES_256_CBC_SHA,Y,N,[RFC5246],0x0039
"0x00,0x3A",TLS_DH_anon_WITH_AES_256_CBC_SHA,Y,N,[RFC5246],0x003A
"0x00,0x3B",TLS_RSA_WITH_NULL_SHA256,Y,N,[RFC5246],0x003B
"0x00,0x3C",TLS_RSA_WITH_AES_128_CBC_SHA256,Y,N,[RFC5246],0x003C
"0x00,0x3D",TLS_RSA_WITH_AES_256_CBC_SHA256,Y,N,[RFC5246],0x003D
"0x00,0x3E",TLS_DH_DSS_WITH_AES_128_CBC_SHA256,Y,N,[RFC5246],0x003E
"0x00,0x3F",TLS_DH_RSA_WITH_AES_128_CBC_SHA256,Y,N,[RFC5246],0x003F
"0x00,0x40",TLS_DHE_DSS_WITH_AES_128_CBC_SHA256,Y,N,[RFC5246],0x0040
"0x00,0x41",TLS_RSA_WITH_CAMELLIA_128_CBC_SHA,Y,N,[RFC5932],0x0041
"0x00,0x42",TLS_DH_DSS_WITH_CAMELLIA_128_CBC_SHA,Y,N,[RFC5932],0x0042
"0x00,0x43",TLS_DH_RSA_WITH_CAMELLIA_128_CBC_SHA,Y,N,[RFC5932],0x0043
"0x00,0x44",TLS_DHE_DSS_WITH_CAMELLIA_128_CBC_SHA,Y,N,[RFC5932],0x0044
"0x00,0x45",TLS_DHE_RSA_WITH_CAMELLIA_128_CBC_SHA,Y,N,[RFC5932],0x0045
"0x00,0x46",TLS_DH_anon_WITH_CAMELLIA_128_CBC_SHA,Y,N,[RFC5932],0x0046
"0x00,0x67",TLS_DHE_RSA_WITH_AES_128_CBC_SHA256,Y,N,[RFC5246],0x0067
"0x00,0x68",TLS_DH_DSS_WITH_AES_256_CBC_SHA256,Y,N,[RFC5246],0x0068
"0x00,0x69",TLS_DH_RSA_WITH_AES_256_CBC_SHA256,Y,N,[RFC5246],0x0069
"0x00,0x6A",TLS_DHE_DSS_WITH_AES_256_CBC_SHA256,Y,N,[RFC5246],0x006A
"0x00,0x6B",TLS_DHE_RSA_WITH_AES_256_CBC_SHA256,Y,N,[RFC5246],0x006B
"0x00,0x6C",TLS_DH_anon_WITH_AES_128_CBC_SHA256,Y,N,[RFC5246],0x006C
"0x00,0x6D",TLS_DH_anon_WITH_AES_256_CBC_SHA256,Y,N,[RFC5246],0x006D
"0x00,0x84",TLS_RSA_WITH_CAMELLIA_256_CBC_SHA,Y,N,[RFC5932],0x0084
"0x00,0x85",TLS_DH_DSS_WITH_CAMELLIA_256_CBC_SHA,Y,N,[RFC5932],0x0085
"0x00,0x86",TLS_DH_RSA_WITH_CAMELLIA_256_CBC_SHA,Y,N,[RFC5932],0x0086
"0x00,0x87",TLS_DHE_DSS_WITH_CAMELLIA_256_CBC_SHA,Y,N,[RFC5932],0x0087
"0x00,0x88",TLS_DHE_RSA_WITH_CAMELLIA_256_CBC_SHA,Y,N,[RFC5932],0x0088
"0x00,0x89",TLS_DH_anon_WITH_CAMELLIA_256_CBC_SHA,Y,N,[RFC5932],0x0089
"0x00,0x8A",TLS_PSK_WITH_RC4_128_SHA,N,N,[RFC4279][RFC6347],0x008A
"0x00,0x8B",TLS_PSK_WITH_3DES_EDE_CBC_SHA,Y,N,[RFC4279],0x008B
"0x00,0x8C",TLS_PSK_WITH_AES_128_CBC_SHA,Y,N,[RFC4279],0x008C
"0x00,0x8D",TLS_PSK_WITH_AES_256_CBC_SHA,Y,N,[RFC4279],0x008D
"0x00,0x8E",TLS_DHE_PSK_WITH_RC4_128_SHA,N,N,[RFC4279][RFC6347],0x008E
"0x00,0x8F",TLS_DHE_PSK_WITH_3DES_EDE_CBC_SHA,Y,N,[RFC4279],0x008F
"0x00,0x90",TLS_DHE_PSK_WITH_AES_128_CBC_SHA,Y,N,[RFC4279],0x0090
"0x00,0x91",TLS_DHE_PSK_WITH_AES_256_CBC_SHA,Y,N,[RFC4279],0x0091
"0x00,0x92",TLS_RSA_PSK_WITH_RC4_128_SHA,N,N,[RFC4279][RFC6347],0x0092
"0x00,0x93",TLS_RSA_PSK_WITH_3DES_EDE_CBC_SHA,Y,N,[RFC4279],0x0093
"0x00,0x94",TLS_RSA_PSK_WITH_AES_128_CBC_SHA,Y,N,[RFC4279],0x0094
"0x00,0x95",TLS_RSA_PSK_WITH_AES_256_CBC_SHA,Y,N,[RFC4279],0x0095
"0x00,0x96",TLS_RSA_WITH_SEED_CBC_SHA,Y,N,[RFC4162],0x0096
"0x00,0x97",TLS_DH_DSS_WITH_SEED_CBC_SHA,Y,N,[RFC4162],0x0097
"0x00,0x98",TLS_DH_RSA_WITH_SEED_CBC_SHA,Y,N,[RFC4162],0x0098
"0x00,0x99",TLS_DHE_DSS_WITH_SEED_CBC_SHA,Y,N,[RFC4162],0x0099
"0x00,0x9A",TLS_DHE_RSA_WITH_SEED_CBC_SHA,Y,N,[RFC4162],0x009A
"0x00,0x9B",TLS_DH_anon_WITH_SEED_CBC_SHA,Y,N,[RFC4162],0x009B
"0x00,0x9C",TLS_RSA_WITH_AES_128_GCM_SHA256,Y,N,[RFC5288],0x009C
"0x00,0x9D",TLS_RSA_WITH_AES_256_GCM_SHA384,Y,N,[RFC5288],0x009D
"0x00,0x9E",TLS_DHE_RSA_WITH_AES_128_GCM_SHA256,Y,Y,[RFC5288],0x009E
"0x00,0x9F",TLS_DHE_RSA_WITH_AES_256_GCM_SHA384,Y,Y,[RFC5288],0x009F
"0x00,0xA0",TLS_DH_RSA_WITH_AES_128_GCM_SHA256,Y,N,[RFC5288],0x00A0
"0x00,0xA1",TLS_DH_RSA_WITH_AES_256_GCM_SHA384,Y,N,[RFC5288],0x00A1
"0x00,0xA2",TLS_DHE_DSS_WITH_AES_128_GCM_SHA256,Y,N,[RFC5288],0x00A2
"0x00,0xA3",TLS_DHE_DSS_WITH_AES_256_GCM_SHA384,Y,N,[RFC5288],0x00A3
"0x00,0xA4",TLS_DH_DSS_WITH_AES_128_GCM_SHA256,Y,N,[RFC5288],0x00A4
"0x00,0xA5",TLS_DH_DSS_WITH_AES_256_GCM_SHA384,Y,N,[RFC5288],0x00A5
"0x00,0xA6",TLS_DH_anon_WITH_AES_128_GCM_SHA256,Y,N,[RFC5288],0x00A6
"0x00,0xA7",TLS_DH_anon_WITH_AES_256_GCM_SHA384,Y,N,[RFC5288],0x00A7
"0x00,0xA8",TLS_PSK_WITH_AES_128_GCM_SHA256,Y,N,[RFC5487],0x00A8
"0x00,0xA9",TLS_PSK_WITH_AES_256_GCM_SHA384,Y,N,[RFC5487],0x00A9
"0x00,0xAA",TLS_DHE_PSK_WITH_AES_128_GCM_SHA256,Y,Y,[RFC5487],0x00AA
"0x00,0xAB",TLS_DHE_PSK_WITH_AES_256_GCM_SHA384,Y,Y,[RFC5487],0x00AB
"0x00,0xAC",TLS_RSA_PSK_WITH_AES_128_GCM_SHA256,Y,N,[RFC5487],0x00AC
"0x00,0xAD",TLS_RSA_PSK_WITH_AES_256_GCM_SHA384,Y,N,[RFC5487],0x00AD
"0x00,0xAE",TLS_PSK_WITH_AES_128_CBC_SHA256,Y,N,[RFC5487],0x00AE
"0x00,0xAF",TLS_PSK_WITH_AES_256_CBC_SHA384,Y,N,[RFC5487],0x00AF
"0x00,0xB0",TLS_PSK_WITH_NULL_SHA256,Y,N,[RFC5487],0x00B0
"0x00,0xB1",TLS_PSK_WITH_NULL_SHA384,Y,N,[RFC5487],0x00B1
"0x00,0xB2",TLS_DHE_PSK_WITH_AES_128_CBC_SHA256,Y,N,[RFC5487],0x00B2
"0x00,0xB3",TLS_DHE_PSK_WITH_AES_256_CBC_SHA384,Y,N,[RFC5487],0x00B3
"0x00,0xB4",TLS_DHE_PSK_WITH_NULL_SHA256,Y,N,[RFC5487],0x00B4
"0x00,0xB5",TLS_DHE_PSK_WITH_NULL_SHA384,Y,N,[RFC5487],0x00B5
"0x00,0xB6",TLS_RSA_PSK_WITH_AES_128_CBC_SHA256,Y,N,[RFC5487],0x00B6
"0x00,0xB7",TLS_RSA_PSK_WITH_AES_256_CBC_SHA384,Y,N,[RFC5487],0x00B7
"0x00,0xB8",TLS_RSA_PSK_WITH_NULL_SHA256,Y,N,[RFC5487],0x00B8
"0x00,0xB9",TLS_RSA_PSK_WITH_NULL_SHA384,Y,N,[RFC5487],0x00B9
"0x00,0xBA",TLS_RSA_WITH_CAMELLIA_128_CBC_SHA256,Y,N,[RFC5932],0x00BA
"0x00,0xBB",TLS_DH_DSS_WITH_CAMELLIA_128_CBC_SHA256,Y,N,[RFC5932],0x00BB
"0x00,0xBC",TLS_DH_RSA_WITH_CAMELLIA_128_CBC_SHA256,Y,N,[RFC5932],0x00BC
"0x00,0xBD",TLS_DHE_DSS_WITH_CAMELLIA_128_CBC_SHA256,Y,N,[RFC5932],0x00BD
"0x00,0xBE",TLS_DHE_RSA_WITH_CAMELLIA_128_CBC_SHA256,Y,N,[RFC5932],0x00BE
"0x00,0xBF",TLS_DH_anon_WITH_CAMELLIA_128_CBC_SHA256,Y,N,[RFC5932],0x00BF
"0x00,0xC0",TLS_RSA_WITH_CAMELLIA_256_CBC_SHA256,Y,N,[RFC5932],0x00C0
"0x00,0xC1",TLS_DH_DSS_WITH_CAMELLIA_256_CBC_SHA256,Y,N,[RFC5932],0x00C1
"0x00,0xC2",TLS_DH_RSA_WITH_CAMELLIA_256_CBC_SHA256,Y,N,[RFC5932],0x00C2
"0x00,0xC3",TLS_DHE_DSS_WITH_CAMELLIA_256_CBC_SHA256,Y,N,[RFC5932],0x00C3
"0x00,0xC4",TLS_DHE_RSA_WITH_CAMELLIA_256_CBC_SHA256,Y,N,[RFC5932],0x00C4
"0x00,0xC5",TLS_DH_anon_WITH_CAMELLIA_256_CBC_SHA256,Y,N,[RFC5932],0x00C5
"0x00,0xC6",TLS_SM4_GCM_SM3,N,N,[RFC8998],0x00C6
"0x00,0xC7",TLS_SM4_CCM_SM3,N,N,[RFC8998],0x00C7
"0x00,0xFF",TLS_EMPTY_RENEGOTIATION_INFO_SCSV,Y,N,[RFC5746],0x00FF
"0x0A,0x0A",GREASE (IGNORE),Y,N,[RFC8701],0x0A0A
"0x13,0x01",TLS_AES_128_GCM_SHA256,Y,Y,[RFC8446],0x1301
"0x13,0x02",TLS_AES_256_GCM_SHA384,Y,Y,[RFC8446],0x1302
"0x13,0x03",TLS_CHACHA20_POLY1305_SHA256,Y,Y,[RFC8446],0x1303
"0x13,0x04",TLS_AES_128_CCM_SHA256,Y,Y,[RFC8446],0x1304
"0x13,0x05",TLS_AES_128_CCM_8_SHA256,Y,N,[RFC8446][IESG Action 2018-08-16],0x1305
"0x13,0x06",TLS_AEGIS_256_SHA512,Y,N,[draft-irtf-cfrg-aegis-aead-08],0x1306
"0x13,0x07",TLS_AEGIS_128L_SHA256,Y,N,[draft-irtf-cfrg-aegis-aead-08],0x1307
"0x1A,0x1A",GREASE (IGNORE),Y,N,[RFC8701],0x1A1A
"0x2A,0x2A",GREASE (IGNORE),Y,N,[RFC8701],0x2A2A
"0x3A,0x3A",GREASE (IGNORE),Y,N,[RFC8701],0x3A3A
"0x4A,0x4A",GREASE (IGNORE),Y,N,[RFC8701],0x4A4A
"0x56,0x00",TLS_FALLBACK_SCSV,Y,N,[RFC7507],0x5600
"0x5A,0x5A",GREASE (IGNORE),Y,N,[RFC8701],0x5A5A
"0x6A,0x6A",GREASE (IGNORE),Y,N,[RFC8701],0x6A6A
"0x7A,0x7A",GREASE (IGNORE),Y,N,[RFC8701],0x7A7A
"0x8A,0x8A",GREASE (IGNORE),Y,N,[RFC8701],0x8A8A
"0x9A,0x9A",GREASE (IGNORE),Y,N,[RFC8701],0x9A9A
"0xAA,0xAA",GREASE (IGNORE),Y,N,[RFC8701],0xAAAA
"0xBA,0xBA",GREASE (IGNORE),Y,N,[RFC8701],0xBABA
"0xC0,0x01",TLS_ECDH_ECDSA_WITH_NULL_SHA,Y,N,[RFC8422],0xC001
"0xC0,0x02",TLS_ECDH_ECDSA_WITH_RC4_128_SHA,N,N,[RFC8422][RFC6347],0xC002
"0xC0,0x03",TLS_ECDH_ECDSA_WITH_3DES_EDE_CBC_SHA,Y,N,[RFC8422],0xC003
"0xC0,0x04",TLS_ECDH_ECDSA_WITH_AES_128_CBC_SHA,Y,N,[RFC8422],0xC004
"0xC0,0x05",TLS_ECDH_ECDSA_WITH_AES_256_CBC_SHA,Y,N,[RFC8422],0xC005
"0xC0,0x06",TLS_ECDHE_ECDSA_WITH_NULL_SHA,Y,N,[RFC8422],0xC006
"0xC0,0x07",TLS_ECDHE_ECDSA_WITH_RC4_128_SHA,N,N,[RFC8422][RFC6347],0xC007
"0xC0,0x08",TLS_ECDHE_ECDSA_WITH_3DES_EDE_CBC_SHA,Y,N,[RFC8422],0xC008
"0xC0,0x09",TLS_ECDHE_ECDSA_WITH_AES_128_CBC_SHA,Y,N,[RFC8422],0xC009
"0xC0,0x0A",TLS_ECDHE_ECDSA_WITH_AES_256_CBC_SHA,Y,N,[RFC8422],0xC00A
"0xC0,0x0B",TLS_ECDH_RSA_WITH_NULL_SHA,Y,N,[RFC8422],0xC00B
"0xC0,0x0C",TLS_ECDH_RSA_WITH_RC4_128_SHA,N,N,[RFC8422][RFC6347],0xC00C
"0xC0,0x0D",TLS_ECDH_RSA_WITH_3DES_EDE_CBC_SHA,Y,N,[RFC8422],0xC00D
"0xC0,0x0E",TLS_ECDH_RSA_WITH_AES_128_CBC_SHA,Y,N,[RFC8422],0xC00E
"0xC0,0x0F",TLS_ECDH_RSA_WITH_AES_256_CBC_SHA,Y,N,[RFC8422],0xC00F
"0xC0,0x10",TLS_ECDHE_RSA_WITH_NULL_SHA,Y,N,[RFC8422],0xC010
"0xC0,0x11",TLS_ECDHE_RSA_WITH_RC4_128_SHA,N,N,[RFC8422][RFC6347],0xC011
"0xC0,0x12",TLS_ECDHE_RSA_WITH_3DES_EDE_CBC_SHA,Y,N,[RFC8422],0xC012
"0xC0,0x13",TLS_ECDHE_RSA_WITH_AES_128_CBC_SHA,Y,N,[RFC8422],0xC013
"0xC0,0x14",TLS_ECDHE_RSA_WITH_AES_256_CBC_SHA,Y,N,[RFC8422],0xC014
"0xC0,0x15",TLS_ECDH_anon_WITH_NULL_SHA,Y,N,[RFC8422],0xC015
"0xC0,0x16",TLS_ECDH_anon_WITH_RC4_128_SHA,N,N,[RFC8422][RFC6347],0xC016
"0xC0,0x17",TLS_ECDH_anon_WITH_3DES_EDE_CBC_SHA,Y,N,[RFC8422],0xC017
"0xC0,0x18",TLS_ECDH_anon_WITH_AES_128_CBC_SHA,Y,N,[RFC8422],0xC018
"0xC0,0x19",TLS_ECDH_anon_WITH_AES_256_CBC_SHA,Y,N,[RFC8422],0xC019
"0xC0,0x1A",TLS_SRP_SHA_WITH_3DES_EDE_CBC_SHA,Y,N,[RFC5054],0xC01A
"0xC0,0x1B",TLS_SRP_SHA_RSA_WITH_3DES_EDE_CBC_SHA,Y,N,[RFC5054],0xC01B
"0xC0,0x1C",TLS_SRP_SHA_DSS_WITH_3DES_EDE_CBC_SHA,Y,N,[RFC5054],0xC01C
"0xC0,0x1D",TLS_SRP_SHA_WITH_AES_128_CBC_SHA,Y,N,[RFC5054],0xC01D
"0xC0,0x1E",TLS_SRP_SHA_RSA_WITH_AES_128_CBC_SHA,Y,N,[RFC5054],0xC01E
"0xC0,0x1F",TLS_SRP_SHA_DSS_WITH_AES_128_CBC_SHA,Y,N,[RFC5054],0xC01F
"0xC0,0x20",TLS_SRP_SHA_WITH_AES_256_CBC_SHA,Y,N,[RFC5054],0xC020
"0xC0,0x21",TLS_SRP_SHA_RSA_WITH_AES_256_CBC_SHA,Y,N,[RFC5054],0xC021
"0xC0,0x22",TLS_SRP_SHA_DSS_WITH_AES_256_CBC_SHA,Y,N,[RFC5054],0xC022
"0xC0,0x23",TLS_ECDHE_ECDSA_WITH_AES_128_CBC_SHA256,Y,N,[RFC5289],0xC023
"0xC0,0x24",TLS_ECDHE_ECDSA_WITH_AES_256_CBC_SHA384,Y,N,[RFC5289],0xC024
"0xC0,0x25",TLS_ECDH_ECDSA_WITH_AES_128_CBC_SHA256,Y,N,[RFC5289],0xC025
"0xC0,0x26",TLS_ECDH_ECDSA_WITH_AES_256_CBC_SHA384,Y,N,[RFC5289],0xC026
"0xC0,0x27",TLS_ECDHE_RSA_WITH_AES_128_CBC_SHA256,Y,N,[RFC5289],0xC027
"0xC0,0x28",TLS_ECDHE_RSA_WITH_AES_256_CBC_SHA384,Y,N,[RFC5289],0xC028
"0xC0,0x29",TLS_ECDH_RSA_WITH_AES_128_CBC_SHA256,Y,N,[RFC5289],0xC029
"0xC0,0x2A",TLS_ECDH_RSA_WITH_AES_256_CBC_SHA384,Y,N,[RFC5289],0xC02A
"0xC0,0x2B",TLS_ECDHE_ECDSA_WITH_AES_128_GCM_SHA256,Y,Y,[RFC5289],0xC02B
"0xC0,0x2C",TLS_ECDHE_ECDSA_WITH_AES_256_GCM_SHA384,Y,Y,[RFC5289],0xC02C
"0xC0,0x2D",TLS_ECDH_ECDSA_WITH_AES_128_GCM_SHA256,Y,N,[RFC5289],0xC02D
"0xC0,0x2E",TLS_ECDH_ECDSA_WITH_AES_256_GCM_SHA384,Y,N,[RFC5289],0xC02E
"0xC0,0x2F",TLS_ECDHE_RSA_WITH_AES_128_GCM_SHA256,Y,Y,[RFC5289],0xC02F
"0xC0,0x30",TLS_ECDHE_RSA_WITH_AES_256_GCM_SHA384,Y,Y,[RFC5289],0xC030
"0xC0,0x31",TLS_ECDH_RSA_WITH_AES_128_GCM_SHA256,Y,N,[RFC5289],0xC031
"0xC0,0x32",TLS_ECDH_RSA_WITH_AES_256_GCM_SHA384,Y,N,[RFC5289],0xC032
"0xC0,0x33",TLS_ECDHE_PSK_WITH_RC4_128_SHA,N,N,[RFC5489][RFC6347],0xC033
"0xC0,0x34",TLS_ECDHE_PSK_WITH_3DES_EDE_CBC_SHA,Y,N,[RFC5489],0xC034
"0xC0,0x35",TLS_ECDHE_PSK_WITH_AES_128_CBC_SHA,Y,N,[RFC5489],0xC035
"0xC0,0x36",TLS_ECDHE_PSK_WITH_AES_256_CBC_SHA,Y,N,[RFC5489],0xC036
"0xC0,0x37",TLS_ECDHE_PSK_WITH_AES_128_CBC_SHA256,Y,N,[RFC5489],0xC037
"0xC0,0x38",TLS_ECDHE_PSK_WITH_AES_256_CBC_SHA384,Y,N,[RFC5489],0xC038
"0xC0,0x39",TLS_ECDHE_PSK_WITH_NULL_SHA,Y,N,[RFC5489],0xC039
"0xC0,0x3A",TLS_ECDHE_PSK_WITH_NULL_SHA256,Y,N,[RFC5489],0xC03A
"0xC0,0x3B",TLS_ECDHE_PSK_WITH_NULL_SHA384,Y,N,[RFC5489],0xC03B
"0xC0,0x3C",TLS_RSA_WITH_ARIA_128_CBC_SHA256,Y,N,[RFC6209],0xC03C
"0xC0,0x3D",TLS_RSA_WITH_ARIA_256_CBC_SHA384,Y,N,[RFC6209],0xC03D
"0xC0,0x3E",TLS_DH_DSS_WITH_ARIA_128_CBC_SHA256,Y,N,[RFC6209],0xC03E
"0xC0,0x3F",TLS_DH_DSS_WITH_ARIA_256_CBC_SHA384,Y,N,[RFC6209],0xC03F
"0xC0,0x40",TLS_DH_RSA_WITH_ARIA_128_CBC_SHA256,Y,N,[RFC6209],0xC040
"0xC0,0x41",TLS_DH_RSA_WITH_ARIA_256_CBC_SHA384,Y,N,[RFC6209],0xC041
"0xC0,0x42",TLS_DHE_DSS_WITH_ARIA_128_CBC_SHA256,Y,N,[RFC6209],0xC042
"0xC0,0x43",TLS_DHE_DSS_WITH_ARIA_256_CBC_SHA384,Y,N,[RFC6209],0xC043
"0xC0,0x44",TLS_DHE_RSA_WITH_ARIA_128_CBC_SHA256,Y,N,[RFC6209],0xC044
"0xC0,0x45",TLS_DHE_RSA_WITH_ARIA_256_CBC_SHA384,Y,N,[RFC6209],0xC045
"0xC0,0x46",TLS_DH_anon_WITH_ARIA_128_CBC_SHA256,Y,N,[RFC6209],0xC046
"0xC0,0x47",TLS_DH_anon_WITH_ARIA_256_CBC_SHA384,Y,N,[RFC6209],0xC047
"0xC0,0x48",TLS_ECDHE_ECDSA_WITH_ARIA_128_CBC_SHA256,Y,N,[RFC6209],0xC048
"0xC0,0x49",TLS_ECDHE_ECDSA_WITH_ARIA_256_CBC_SHA384,Y,N,[RFC6209],0xC049
"0xC0,0x4A",TLS_ECDH_ECDSA_WITH_ARIA_128_CBC_SHA256,Y,N,[RFC6209],0xC04A
"0xC0,0x4B",TLS_ECDH_ECDSA_WITH_ARIA_256_CBC_SHA384,Y,N,[RFC6209],0xC04B
"0xC0,0x4C",TLS_ECDHE_RSA_WITH_ARIA_128_CBC_SHA256,Y,N,[RFC6209],0xC04C
"0xC0,0x4D",TLS_ECDHE_RSA_WITH_ARIA_256_CBC_SHA384,Y,N,[RFC6209],0xC04D
"0xC0,0x4E",TLS_ECDH_RSA_WITH_ARIA_128_CBC_SHA256,Y,N,[RFC6209],0xC04E
"0xC0,0x4F",TLS_ECDH_RSA_WITH_ARIA_256_CBC_SHA384,Y,N,[RFC6209],0xC04F
"0xC0,0x50",TLS_RSA_WITH_ARIA_128_GCM_SHA256,Y,N,[RFC6209],0xC050
"0xC0,0x51",TLS_RSA_WITH_ARIA_256_GCM_SHA384,Y,N,[RFC6209],0xC051
"0xC0,0x52",TLS_DHE_RSA_WITH_ARIA_128_GCM_SHA256,Y,N,[RFC6209],0xC052
"0xC0,0x53",TLS_DHE_RSA_WITH_ARIA_256_GCM_SHA384,Y,N,[RFC6209],0xC053
"0xC0,0x54",TLS_DH_RSA_WITH_ARIA_128_GCM_SHA256,Y,N,[RFC6209],0xC054
"0xC0,0x55",TLS_DH_RSA_WITH_ARIA_256_GCM_SHA384,Y,N,[RFC6209],0xC055
"0xC0,0x56",TLS_DHE_DSS_WITH_ARIA_128_GCM_SHA256,Y,N,[RFC6209],0xC056
"0xC0,0x57",TLS_DHE_DSS_WITH_ARIA_256_GCM_SHA384,Y,N,[RFC6209],0xC057
"0xC0,0x58",TLS_DH_DSS_WITH_ARIA_128_GCM_SHA256,Y,N,[RFC6209],0xC058
"0xC0,0x59",TLS_DH_DSS_WITH_ARIA_256_GCM_SHA384,Y,N,[RFC6209],0xC059
"0xC0,0x5A",TLS_DH_anon_WITH_ARIA_128_GCM_SHA256,Y,N,[RFC6209],0xC05A
"0xC0,0x5B",TLS_DH_anon_WITH_ARIA_256_GCM_SHA384,Y,N,[RFC6209],0xC05B
"0xC0,0x5C",TLS_ECDHE_ECDSA_WITH_ARIA_128_GCM_SHA256,Y,N,[RFC6209],0xC05C
"0xC0,0x5D",TLS_ECDHE_ECDSA_WITH_ARIA_256_GCM_SHA384,Y,N,[RFC6209],0xC05D
"0xC0,0x5E",TLS_ECDH_ECDSA_WITH_ARIA_128_GCM_SHA256,Y,N,[RFC6209],0xC05E
"0xC0,0x5F",TLS_ECDH_ECDSA_WITH_ARIA_256_GCM_SHA384,Y,N,[RFC6209],0xC05F
"0xC0,0x60",TLS_ECDHE_RSA_WITH_ARIA_128_GCM_SHA256,Y,N,[RFC6209],0xC060
"0xC0,0x61",TLS_ECDHE_RSA_WITH_ARIA_256_GCM_SHA384,Y,N,[RFC6209],0xC061
"0xC0,0x62",TLS_ECDH_RSA_WITH_ARIA_128_GCM_SHA256,Y,N,[RFC6209],0xC062
"0xC0,0x63",TLS_ECDH_RSA_WITH_ARIA_256_GCM_SHA384,Y,N,[RFC6209],0xC063
"0xC0,0x64",TLS_PSK_WITH_ARIA_128_CBC_SHA256,Y,N,[RFC6209],0xC064
"0xC0,0x65",TLS_PSK_WITH_ARIA_256_CBC_SHA384,Y,N,[RFC6209],0xC065
"0xC0,0x66",TLS_DHE_PSK_WITH_ARIA_128_CBC_SHA256,Y,N,[RFC6209],0xC066
"0xC0,0x67",TLS_DHE_PSK_WITH_ARIA_256_CBC_SHA384,Y,N,[RFC6209],0xC067
"0xC0,0x68",TLS_RSA_PSK_WITH_ARIA_128_CBC_SHA256,Y,N,[RFC6209],0xC068
"0xC0,0x69",TLS_RSA_PSK_WITH_ARIA_256_CBC_SHA384,Y,N,[RFC6209],0xC069
"0xC0,0x6A",TLS_PSK_WITH_ARIA_128_GCM_SHA256,Y,N,[RFC6209],0xC06A
"0xC0,0x6B",TLS_PSK_WITH_ARIA_256_GCM_SHA384,Y,N,[RFC6209],0xC06B
"0xC0,0x6C",TLS_DHE_PSK_WITH_ARIA_128_GCM_SHA256,Y,N,[RFC6209],0xC06C
"0xC0,0x6D",TLS_DHE_PSK_WITH_ARIA_256_GCM_SHA384,Y,N,[RFC6209],0xC06D
"0xC0,0x6E",TLS_RSA_PSK_WITH_ARIA_128_GCM_SHA256,Y,N,[RFC6209],0xC06E
"0xC0,0x6F",TLS_RSA_PSK_WITH_ARIA_256_GCM_SHA384,Y,N,[RFC6209],0xC06F
"0xC0,0x70",TLS_ECDHE_PSK_WITH_ARIA_128_CBC_SHA256,Y,N,[RFC6209],0xC070
"0xC0,0x71",TLS_ECDHE_PSK_WITH_ARIA_256_CBC_SHA384,Y,N,[RFC6209],0xC071
"0xC0,0x72",TLS_ECDHE_ECDSA_WITH_CAMELLIA_128_CBC_SHA256,Y,N,[RFC6367],0xC072
"0xC0,0x73",TLS_ECDHE_ECDSA_WITH_CAMELLIA_256_CBC_SHA384,Y,N,[RFC6367],0xC073
"0xC0,0x74",TLS_ECDH_ECDSA_WITH_CAMELLIA_128_CBC_SHA256,Y,N,[RFC6367],0xC074
"0xC0,0x75",TLS_ECDH_ECDSA_WITH_CAMELLIA_256_CBC_SHA384,Y,N,[RFC6367],0xC075
"0xC0,0x76",TLS_ECDHE_RSA_WITH_CAMELLIA_128_CBC_SHA256,Y,N,[RFC6367],0xC076
"0xC0,0x77",TLS_ECDHE_RSA_WITH_CAMELLIA_256_CBC_SHA384,Y,N,[RFC6367],0xC077
"0xC0,0x78",TLS_ECDH_RSA_WITH_CAMELLIA_128_CBC_SHA256,Y,N,[RFC6367],0xC078
"0xC0,0x79",TLS_ECDH_RSA_WITH_CAMELLIA_256_CBC_SHA384,Y,N,[RFC6367],0xC079
"0xC0,0x7A",TLS_RSA_WITH_CAMELLIA_128_GCM_SHA256,Y,N,[RFC6367],0xC07A
"0xC0,0x7B",TLS_RSA_WITH_CAMELLIA_256_GCM_SHA384,Y,N,[RFC6367],0xC07B
"0xC0,0x7C",TLS_DHE_RSA_WITH_CAMELLIA_128_GCM_SHA256,Y,N,[RFC6367],0xC07C
"0xC0,0x7D",TLS_DHE_RSA_WITH_CAMELLIA_256_GCM_SHA384,Y,N,[RFC6367],0xC07D
"0xC0,0x7E",TLS_DH_RSA_WITH_CAMELLIA_128_GCM_SHA256,Y,N,[RFC6367],0xC07E
"0xC0,0x7F",TLS_DH_RSA_WITH_CAMELLIA_256_GCM_SHA384,Y,N,[RFC6367],0xC07F
"0xC0,0x80",TLS_DHE_DSS_WITH_CAMELLIA_128_GCM_SHA256,Y,N,[RFC6367],0xC080
"0xC0,0x81",TLS_DHE_DSS_WITH_CAMELLIA_256_GCM_SHA384,Y,N,[RFC6367],0xC081
"0xC0,0x82",TLS_DH_DSS_WITH_CAMELLIA_128_GCM_SHA256,Y,N,[RFC6367],0xC082
"0xC0,0x83",TLS_DH_DSS_WITH_CAMELLIA_256_GCM_SHA384,Y,N,[RFC6367],0xC083
"0xC0,0x84",TLS_DH_anon_WITH_CAMELLIA_128_GCM_SHA256,Y,N,[RFC6367],0xC084
"0xC0,0x85",TLS_DH_anon_WITH_CAMELLIA_256_GCM_SHA384,Y,N,[RFC6367],0xC085
"0xC0,0x86",TLS_ECDHE_ECDSA_WITH_CAMELLIA_128_GCM_SHA256,Y,N,[RFC6367],0xC086
"0xC0,0x87",TLS_ECDHE_ECDSA_WITH_CAMELLIA_256_GCM_SHA384,Y,N,[RFC6367],0xC087
"0xC0,0x88",TLS_ECDH_ECDSA_WITH_CAMELLIA_128_GCM_SHA256,Y,N,[RFC6367],0xC088
"0xC0,0x89",TLS_ECDH_ECDSA_WITH_CAMELLIA_256_GCM_SHA384,Y,N,[RFC6367],0xC089
"0xC0,0x8A",TLS_ECDHE_RSA_WITH_CAMELLIA_128_GCM_SHA256,Y,N,[RFC6367],0xC08A
"0xC0,0x8B",TLS_ECDHE_RSA_WITH_CAMELLIA_256_GCM_SHA384,Y,N,[RFC6367],0xC08B
"0xC0,0x8C",TLS_ECDH_RSA_WITH_CAMELLIA_128_GCM_SHA256,Y,N,[RFC6367],0xC08C
"0xC0,0x8D",TLS_ECDH_RSA_WITH_CAMELLIA_256_GCM_SHA384,Y,N,[RFC6367],0xC08D
"0xC0,0x8E",TLS_PSK_WITH_CAMELLIA_128_GCM_SHA256,Y,N,[RFC6367],0xC08E
"0xC0,0x8F",TLS_PSK_WITH_CAMELLIA_256_GCM_SHA384,Y,N,[RFC6367],0xC08F
"0xC0,0x90",TLS_DHE_PSK_WITH_CAMELLIA_128_GCM_SHA256,Y,N,[RFC6367],0xC090
"0xC0,0x91",TLS_DHE_PSK_WITH_CAMELLIA_256_GCM_SHA384,Y,N,[RFC6367],0xC091
"0xC0,0x92",TLS_RSA_PSK_WITH_CAMELLIA_128_GCM_SHA256,Y,N,[RFC6367],0xC092
"0xC0,0x93",TLS_RSA_PSK_WITH_CAMELLIA_256_GCM_SHA384,Y,N,[RFC6367],0xC093
"0xC0,0x94",TLS_PSK_WITH_CAMELLIA_128_CBC_SHA256,Y,N,[RFC6367],0xC094
"0xC0,0x95",TLS_PSK_WITH_CAMELLIA_256_CBC_SHA384,Y,N,[RFC6367],0xC095
"0xC0,0x96",TLS_DHE_PSK_WITH_CAMELLIA_128_CBC_SHA256,Y,N,[RFC6367],0xC096
"0xC0,0x97",TLS_DHE_PSK_WITH_CAMELLIA_256_CBC_SHA384,Y,N,[RFC6367],0xC097
"0xC0,0x98",TLS_RSA_PSK_WITH_CAMELLIA_128_CBC_SHA256,Y,N,[RFC6367],0xC098
"0xC0,0x99",TLS_RSA_PSK_WITH_CAMELLIA_256_CBC_SHA384,Y,N,[RFC6367],0xC099
"0xC0,0x9A",TLS_ECDHE_PSK_WITH_CAMELLIA_128_CBC_SHA256,Y,N,[RFC6367],0xC09A
"0xC0,0x9B",TLS_ECDHE_PSK_WITH_CAMELLIA_256_CBC_SHA384,Y,N,[RFC6367],0xC09B
"0xC0,0x9C",TLS_RSA_WITH_AES_128_CCM,Y,N,[RFC6655],0xC09C
"0xC0,0x9D",TLS_RSA_WITH_AES_256_CCM,Y,N,[RFC6655],0xC09D
"0xC0,0x9E",TLS_DHE_RSA_WITH_AES_128_CCM,Y,Y,[RFC6655],0xC09E
"0xC0,0x9F",TLS_DHE_RSA_WITH_AES_256_CCM,Y,Y,[RFC6655],0xC09F
"0xC0,0xA0",TLS_RSA_WITH_AES_128_CCM_8,Y,N,[RFC6655],0xC0A0
"0xC0,0xA1",TLS_RSA_WITH_AES_256_CCM_8,Y,N,[RFC6655],0xC0A1
"0xC0,0xA2",TLS_DHE_RSA_WITH_AES_128_CCM_8,Y,N,[RFC6655],0xC0A2
"0xC0,0xA3",TLS_DHE_RSA_WITH_AES_256_CCM_8,N,N,[RFC6655],0xC0A3
"0xC0,0xA4",TLS_PSK_WITH_AES_128_CCM,Y,N,[RFC6655],0xC0A4
"0xC0,0xA5",TLS_PSK_WITH_AES_256_CCM,Y,N,[RFC6655],0xC0A5
"0xC0,0xA6",TLS_DHE_PSK_WITH_AES_128_CCM,Y,Y,[RFC6655],0xC0A6
"0xC0,0xA7",TLS_DHE_PSK_WITH_AES_256_CCM,Y,Y,[RFC6655],0xC0A7
"0xC0,0xA8",TLS_PSK_WITH_AES_128_CCM_8,Y,N,[RFC6655],0xC0A8
"0xC0,0xA9",TLS_PSK_WITH_AES_256_CCM_8,Y,N,[RFC6655],0xC0A9
"0xC0,0xAA",TLS_PSK_DHE_WITH_AES_128_CCM_8,Y,N,[RFC6655],0xC0AA
"0xC0,0xAB",TLS_PSK_DHE_WITH_AES_256_CCM_8,Y,N,[RFC6655],0xC0AB
"0xC0,0xAC",TLS_ECDHE_ECDSA_WITH_AES_128_CCM,Y,N,[RFC7251],0xC0AC
"0xC0,0xAD",TLS_ECDHE_ECDSA_WITH_AES_256_CCM,Y,N,[RFC7251],0xC0AD
"0xC0,0xAE",TLS_ECDHE_ECDSA_WITH_AES_128_CCM_8,Y,N,[RFC7251],0xC0AE
"0xC0,0xAF",TLS_ECDHE_ECDSA_WITH_AES_256_CCM_8,Y,N,[RFC7251],0xC0AF
"0xC0,0xB0",TLS_ECCPWD_WITH_AES_128_GCM_SHA256,Y,N,[RFC8492],0xC0B0
"0xC0,0xB1",TLS_ECCPWD_WITH_AES_256_GCM_SHA384,Y,N,[RFC8492],0xC0B1
"0xC0,0xB2",TLS_ECCPWD_WITH_AES_128_CCM_SHA256,Y,N,[RFC8492],0xC0B2
"0xC0,0xB3",TLS_ECCPWD_WITH_AES_256_CCM_SHA384,Y,N,[RFC8492],0xC0B3
"0xC0,0xB4",TLS_SHA256_SHA256,Y,N,[RFC9150],0xC0B4
"0xC0,0xB5",TLS_SHA384_SHA384,Y,N,[RFC9150],0xC0B5
"0xC1,0x00",TLS_GOSTR341112_256_WITH_KUZNYECHIK_CTR_OMAC,N,N,[RFC9189],0xC100
"0xC1,0x01",TLS_GOSTR341112_256_WITH_MAGMA_CTR_OMAC,N,N,[RFC9189],0xC101
"0xC1,0x02",TLS_GOSTR341112_256_WITH_28147_CNT_IMIT,N,N,[RFC9189],0xC102
"0xC1,0x03",TLS_GOSTR341112_256_WITH_KUZNYECHIK_MGM_L,N,N,[RFC9367],0xC103
"0xC1,0x04",TLS_GOSTR341112_256_WITH_MAGMA_MGM_L,N,N,[RFC9367],0xC104
"0xC1,0x05",TLS_GOSTR341112_256_WITH_KUZNYECHIK_MGM_S,N,N,[RFC9367],0xC105
"0xC1,0x06",TLS_GOSTR341112_256_WITH_MAGMA_MGM_S,N,N,[RFC9367],0xC106
"0xCA,0xCA",GREASE (IGNORE),Y,N,[RFC8701],0xCACA
"0xCC,0xA8",TLS_ECDHE_RSA_WITH_CHACHA20_POLY1305_SHA256,Y,Y,[RFC7905],0xCCA8
"0xCC,0xA9",TLS_ECDHE_ECDSA_WITH_CHACHA20_POLY1305_SHA256,Y,Y,[RFC7905],0xCCA9
"0xCC,0xAA",TLS_DHE_RSA_WITH_CHACHA20_POLY1305_SHA256,Y,Y,[RFC7905],0xCCAA
"0xCC,0xAB",TLS_PSK_WITH_CHACHA20_POLY1305_SHA256,Y,N,[RFC7905],0xCCAB
"0xCC,0xAC",TLS_ECDHE_PSK_WITH_CHACHA20_POLY1305_SHA256,Y,Y,[RFC7905],0xCCAC
"0xCC,0xAD",TLS_DHE_PSK_WITH_CHACHA20_POLY1305_SHA256,Y,Y,[RFC7905],0xCCAD
"0xCC,0xAE",TLS_RSA_PSK_WITH_CHACHA20_POLY1305_SHA256,Y,N,[RFC7905],0xCCAE
"0xD0,0x01",TLS_ECDHE_PSK_WITH_AES_128_GCM_SHA256,Y,Y,[RFC8442],0xD001
"0xD0,0x02",TLS_ECDHE_PSK_WITH_AES_256_GCM_SHA384,Y,Y,[RFC8442],0xD002
"0xD0,0x03",TLS_ECDHE_PSK_WITH_AES_128_CCM_8_SHA256,Y,N,[RFC8442],0xD003
"0xD0,0x05",TLS_ECDHE_PSK_WITH_AES_128_CCM_SHA256,Y,Y,[RFC8442],0xD005
"0xDA,0xDA",GREASE (IGNORE),Y,N,[RFC8701],0xDADA
"0xEA,0xEA",GREASE (IGNORE),Y,N,[RFC8701],0xEAEA
"0xFA,0xFA",GREASE (IGNORE),Y,N,[RFC8701],0xFAFA
,,,,,
,,,,,
,,,,,
,,,,,
,,,,,
,,,,,
,,,,,
,,,,,
,,,,,
,,,,,
,,,,,
,,,,,
,,,,,
,,,,,
,,,,,
